,state,kind,sex,neutralization,color,birth,weight,number,period,location,feature,center,department
0,완료(귀가),[개] 스피츠,수컷,1.0,흰색,2016,6,서울-마포-2021-00058,2021-05-006 ~2021-05-77,월드컵공원,순함,홍익동물병원,서울특별시 마포구청
1,완료(귀가),[개] 스피츠,수컷,1.0,흰,2012,12,서울-양천-2021-00056,2021-05-06~2021-05-17,신정동양천구청상황실 (다음5-3),,강현림동물병원,서울특별시 양천구청
2,완료(귀가),[개] 믹스견,수컷,0.0,갈,2018,,서울-영등포-2021-00041,2021-05-06 ~2021-05-17,영신로9바길 3 인근,양귀반접힘. 코검정. 부정교합. 사람따름. 암전함.,한국동물구조관리협회,서울특별시 영등포구청
3,완료(귀가),[개] 포메라니안,수컷,1.0,검정색,2017,5.56,서울-관악-2021-00178,2021-05-006 ~2021-05-77,남부순환로1861,"순하고사람잘따름,외장형칩목걸이착용,",러브펫종합동물병원,서울특별시 관악구정
4,보호중,[개] 말티즈,암컷,,흰색,2014,2.7,부산-강서-2021-00191,2021-05-06 ~2021-05-17,공항파출소,"온순한성격,코부분밝은갈색,털이약간곱슬,강서구1-142호",부산동물보호센터,부산광역시 강서구청
5,보호중,[개] 믹스견,암컷,,아이보리,2020,5.1,부산-강서-2021-00192,2021-05-006 ~2021-05-17,과학산단로306번길 10,"소심한성격,귀여움,코 밝은 갈색,강서구1-143호",부산동물보호센터,부산광역시 강서구청
6,완료(입양),[개] 비송 프리제,암컷,,흰색,2018,4.5,부산-강서-2021-00193,2021-05-006 ~2021-05-77,명지국제6로,"깜찍한외모, 쓰프라이트 옷 착용,미용한지 얼마 안됨,강서구",부산동물보호센터,부산광역시 강서구청
7,완료(귀가),[개] 시베리안 허스키,암컷,,회검색,2019,20.0,부산-연제-2021-00089,2021-05-06~2021-05-17,과정로 343번길 43,"민감, 연제구 136",청조동물병원,부산광역시 연제구정
8,완료(귀가),[개] 믹스견,암컷,,갈색,2017,4.5,대구-중구-2021-00065,2021-05-06~2021-0577,동대구신협 뒤,순함,대구시수의사회,대구광역시 중구청
9,완료(입양),[개] 믹스견,암컷,0.0,갈색,2021,0.8,대구-수성-2021-00150,2021-05-006 ~2021-05-77,수성구 황금동719-12,귀여움,허동물병원,
10,완료(귀가),[개] 푸들,암컷,,갈색,2017,,인천-부평-2021-00243,2021-05-06 ~2021-05-17,산곡119안전센터,"귀염증,털엉킴",늘푸른동물병원,인천광역시 부평구정
11,완료(귀가),[개] 말티즈,암컷,,흰색,2019,3,인천-부펑-2021-00244,2021-05-06 ~2021-05-17,"청천동 174-17,이천빌딩 그린슈퍼","회색 단추 옷, 미용한 상태발견",늘푸른동물병원,인천광역시 부평구청
12,완료(입양),[개] 포메라니안,암컷,,흰색,2018,3.9,인천-서구-2021-00266,2021-05-06 ~2021-05-17,석남동551-9,순함.사람좋아함.눈물자국있음.내장칩있음,가정동물병원,인천광역시 서구청
13,보호중,[개] 믹스견,암컷,,크림,2018,14,인천-서구-2021-00267,2021-05-06 ~2021-05-17,정서진구조대,순함. 사람좋아함,가정동물병원,인천광역시 서구청
14,완료(입양),[개] 믹스견,암컷,,흰,2019,10,광주-동구-2021-00085,2021-05-006 ~2021-05-77,동구 지산동,21-0535링가,광주 동물보호소,광주광역시 동구청
15,종료(안락사),[개] 시츄,수컷,0.0,"흰,갈",2016,,광주-서구-2021-00188,2021-05-06 ~2021-05-17,서구 양동,21-0536,광주 동물보호소,광주광역시 서구청
16,완료(입양),[개] 푸들,수컷,1.0,검,2019,,광주-북구-2021-00275,2021-05-006~2021-0577,북구 용두동,"21-0534검녹,(깜장이)",광주 동물보호소,광주광역시 북구청
17,완료(입양),[개] 포메라니안,암컷,,크림색,2014,2.74,울산-동구-2021-00108,2021-05-006 ~2021-05-77,화진맨션부근,순함,일산동물의료센터,울산광역시 동구청
18,완료(귀가),[개] 치와와,암컷,0.0,흰색,2015,2015,울산-울주-2021-00294,2021-05-06~2021-05-ㄱ7,온양읍 온남초등학교 부근,순함/꼬리끝 제외 전신미용 되어있음/피부병 약간 있음,울산유기동물보호센터,울산광역시 울주군청
19,완료(귀가),[개] 믹스견,수컷,0.0,갈색,2019,13,경기-성남-2021-00233,2021-05-06 ~2021-05-17,섬마를8단지,"빨간색 목줄 ,빨간색 리더줄 착용,귀 염증",펫토피아동물병원,경기도 성남시청
20,완료(입양),[개] 믹스견,암컷,0.0,흰,2021,2021,경기-부천-2021-00267,2021-05-06~2021-05-16,오정대공원 덕산고방면 산책로,"두마리함께발견,2개월추정,순하고양전함,통통함",24시아이동물메디컬,경기도 부천시청
21,완료(입양),[개] 믹스견,암컷,0.0,흰,2021,2021,경기-부천-2021-00268,2021-05-06~2021-05-16,오정대공원 덕산고방면 산책로,"두마리함께발견,2개월추정,순하고활발함",24시아이동물메디컬,경기도 부천시청
22,완료(귀가),[개] 토이 푸들,수컷,1.0,에프리,2020,2.48,경기-부천-2021-00269,2021-05-06 ~2021-05-17,원종동 보강빌라 계단,최근 미용. 매너밴드 하고 있음.순함,가야동물병원,경기도 부천시청
23,보호중,[개] 믹스견,암컷,0.0,흰색,2021,3.6,경기-부천-2021-00271,2021-05-06 ~2021-05-17,옥길동,들개 포획틀에서 2마리 함께 구조,가나동물병원,경기도 부천시청
24,보호중,[개] 믹스견,수컷,0.0,갈색,2021,3.7,경기-부천-2021-00270,2021-05-06 ~2021-05-17,옥길동,"들개 포획틀에서 구조,",가나동물병원,경기도 부천시청
25,종료(자연사),[개] 믹스견,수컷,,흰색,2021,2.6,경기-평택-2021-00816,2021-05-06 ~2021-05-17,추팔리 298-7,2개월추정,평택시유기동물보호소,경기도 평택시청
26,완료(입양),[개] 믹스견,암컷,0.0,갈색,2021,2.5,경기-평택-2021-00817,2021-05-06 ~2021-05-17,추랄리 298-7,"2개월추정, 온순함",평택시유기동물보호소,경기도 평택시청
27,보호중,[개] 믹스견,수컷,,"열은황색, 검정, 흰색",2017,26,경기-고양-2021-00396,2021-005-06~2021-0577,사리현동 공릉천,빨간색 목줄 착용,고양시동물보호센터,경기도 고양시청
28,완료(귀가),[개] 말티즈,수컷,1.0,흰색,2016,6.5,경기-고양-2021-00397,2021-05-006 ~2021-05-77,향동동517,"오른쪽 뒷다리 노란색 보호대 착용, 방울달린 레몬색 목줄 착",고양시동물보호센터,경기도 고양시청
29,보호중,[개] 믹스견,수컷,0.0,흰색,2013,18,경기-남양주-2021-00584,2021-05-06~2021-05-17,부평리 734-37,목줄없고 온순함,남양주동물보호협회,경기도 남양주시청
30,완료(귀가),[개] 믹스견,암컷,0.0,흰색,2020,12.5,경기-남양주-2021-00585,2021-05-006 ~2021-05-77,불암로81번길18,목줄없고 겁이많음,남양주동물보호협회,경기도 남양주시청
31,완료(귀가),[개] 샤페이,암컷,,크림,2016,,경기-오산-2021-00078,2021-05-06~2021-05-17,오산시청부근,보라색하네스,오산시수의사회,경기도 오산시청
32,완료(귀가),[개] 믹스견,암컷,,흑갈백,2020,15,경기-시흥-2021-00280,2021-05-006~2021-0578,매화동 269 부근,빨간목줄. 순함.,한국야생동물보호협회,경기도 시흥시청
33,완료(귀가),[개] 믹스견,수컷,0.0,갈흑백,2020,15,경기-시흥-2021-00281,2021-05-006~2021-0578,매화동 269 부근,초록목줄. 순함.,한국야생동물보호협회,경기도 시흥시청
34,완료(귀가),[개] 푸들,암컷,,갈,2017,2.5,경기-시흥-2021-00282,2021-05-006~2021-05-ㄱ78,은행동 1822 부근,칩있음. 순함.,한국야생동물보호협회,경기도 시흥시청
35,완료(입양),[개] 믹스견,암컷,0.0,갈색,2021,5,경기-하남-2021-00165,2021-05-06 ~2021-05-17,고골 서부화물 근처,들개 애기 3개월,하남동물병원,경기도 하남시청
36,완료(입양),[개] 믹스견,수컷,0.0,연 노랑,2019,,경기-하남-2021-00166,2021-05-006 ~2021-05-17,상산곡동479,순하고 귀여움,하남동물병원,경기도 하남시청
37,완료(귀가),[개] 시츄,암컷,,베이지,2016,,경기-용인-2021-00309,2021-005-06~2021-0577,져인구 모현면 초부리 828ㄱ10,"기운이 없고, 상태가 좋지 않음",용인시 동물보호센터,경기도 용인시청
38,보호중,[개] 믹스견,암컷,0.0,흰색,2017,19.2,경기-파주-2021-00240,2021-05-006 ~2021-05-77,법원읍 웅담리 1684 인근,경계심 심함. 마취포획.,파주독 애견호텔,경기도 파주시청
39,완료(입양),[개] 푸들,수컷,0.0,갈색,2018,4.63,경기-파주-2021-00241,2021-05-006~2021-0577,파주읍 여울길 251,"내장칩 없음,순함",나은동물병원,경기도 파주시청
40,완료(귀가),[개] 사모예드,수컷,0.0,흰색,2018,18.0,경기-가평-2021-00089,2021-05-006 ~2021-05-77,쁘띠프랑스 주변,"청평 쁘떠프랑스 주변 배회, 붉은색 목걸이 착용/목줄 ×,",가평군유기동물보호소,경기도 가평군청
41,완료(귀가),[개] 믹스견,암컷,0.0,검정,2019,16.0,경기-가평-2021-00090,2021-05-006 ~2021-05-77,쁘띠프랑스 주변,"청평 쁘띠프랑스 주변 배회(보호중 인수), 파랑/빨강 색 목걸",가평군유기동물보호소,경기도 가평군청
42,보호중,[개] 믹스견,수컷,0.0,흰색에 갈색무늬,2016,4,경기-양평-2021-00165,2021-05-06 ~2021-05-17,돌고것길15,사나우며 입질이 있음,양평군유기동물보호소,경기도 양평군청
43,보호중,[개] 믹스견,수컷,0.0,검정+회색,2018,2,경기-양평-2021-00166,2021-05-006 ~2021-05-17,다대리 195-8,순하나 사람을 반기지는 않음,양평군유기동물보호소,경기도 양평군청
44,보호중,[개] 믹스견,수컷,0.0,검정,2021,,경기-양평-2021-00167',2021-05-06 ~2021-05-17,삼산리633-ㄱ1,순한 강아지,양평군유기동물보호소,경기도 양평군청
45,보호중,[개] 믹스견,암컷,0.0,갈색,2021,,경기-양평-2021-00168,2021-05-06 ~2021-05-17,삼산리633-ㄱ1,순한 강아지,양평군유기동물보호소,경기도 양평군청
46,완료(귀가),[개] 미니어쳐 푸들,수컷,,흰색,2019,4,경기-화성-2021-00628,2021-05-006 ~2021-05-77,능동 1092-10,털이 깔끔하게 까여있고 보라색 옷과 핑크색 목줄을 하고있다.,남양유기견보호센터,경기도 화성시청
47,보호중,[개] 믹스견,수컷,,갈색,2019,15,경기-화성-2021-00629,2021-05-006 ~2021-05-17,마도면 금당리 436-3,"파란색 목줄착용, 호기심이 많고 얼굴이 세모모양이다. 사람을",남양유기견보호센터,경기도 화성시청
48,보호중,[개] 믹스견,암컷,0.0,흰색,2021,7,경기-화성-2021-00630,2021-05-006 ~2021-05-77,팔탄면 온천로 397-11,"아직 어린 강아지, 겁이 많아서 얼음!상태다 ㅠ..얼굴이 길쪽하",남양유기견보호센터,경기도 화성시청
49,보호중,[개] 시츄,암컷,0.0,흰.검정,2016,4.5,강원-강릉-2021-00218,2021-05-06 ~2021-05-17,왕산 도마길,목줄만 착용.털엉킴 심함,강릉시동물사랑센터,강원도 강릉시청
50,보호중,[개] 믹스견,암컷,,검정갈색,2019,3,강원-동해-2021-00077,2021-05-06 ~2021-05-17,동해시 북삼동 그린옥사우나,상태양호,동해시유기동물보호소,강원도 동해시청
51,보호중,[개] 믹스견,암컷,0.0,흰갈색,2019,4,강원-동해-2021-00078,2021-05-06 ~2021-05-17,동해시 송정동 유기동물보호소 앞,상태양호,동해시유기동물보호소,강원도 동해시청
52,보호중,[개] 푸들,수컷,0.0,갈색,2018,,강원-동해-2021-00079,2021-05-06 ~2021-05-17,동해시 송정동 유기동물보호소 앞,상태양호,동해시유기동물보호소,강원도 동해시청
53,보호중,[개] 믹스견,수컷,0.0,갈색,2019,4,강원-동해-2021-00080,2021-05-06 ~2021-05-17,동해시 용정동 산불초소 앞,상태양호,동해시유기동물보호소,강원도 동해시청
54,완료(귀가),[개] 믹스견,수컷,0.0,흰,2018,2018,강원-속초-2021-00080,2021-05-06 ~2021-05-17,영랑동 대희 지센트앞,회색목줄착용,속초시유기동물보호소,강원도 속초시청
55,종료(자연사),[개] 진도견,수컷,0.0,흰색,2021,2,강원-속초-2021-00083,2021-05-06 ~2021-05-17,수복로199ㄱ|,생후 한달미만 어린강아지,속초시유기동물보호소,강원도 속초시청
56,보호중,[개] 믹스견,암컷,0.0,흰색+검정,2020,6,강원-정선-2021-00117,2021-05-06 ~2021-05-13,여량면 유천3리 비닐하우스,건강상태양호,정선가축병원,강원도 정선군정
57,보호중,[개] 믹스견,암컷,0.0,검정+갈색+흰색,2021,1.2,강원-정선-2021-00118,2021-05-006 ~2021-05-13,여량면 유천3리 비닐하우스,건강상태양호,정선가축병원,강원도 정선군청
58,완료(입양),[개] 믹스견,수컷,0.0,검정+갈색+흰색,2021,1.1,강원-정선-2021-00119,2021-05-06 ~2021-05-13,여량면 유천3리 비닐하우스,건강상태양호,정선가축병원,강원도 정선군정
59,보호중,[개] 믹스견,암컷,,흰색,2018,20,강원-철원-2021-00051,2021-05-06 ~2021-05-17,갈말읍 상사리 은하수교 근처,왼쪽 앞다리 장애추정. 3살이상으로 추정.,철원군,강원도 철원군청
60,보호중,[개] 믹스견,수컷,,흰색+갈색,2021,1,강원-철원-2021-00052,2021-05-006 ~2021-05-17,같말읍 용화동길 124-17,아직 젖을 떼지 못함. 신고당시 1개월 미만.,철원군,강원도 철원군청
61,완료(입양),[개] 믹스견,암컷,,흰색,2021,1,강원-철원-2021-00053,2021-05-006 ~2021-05-17,같말읍 용화동길 124-17,"용화저수지에서 구조, 2개월미만 추정",철원군,강원도 철원군청
62,보호중,[개] 믹스견,수컷,,흰색,2021,1,강원-철원-2021-00054,2021-05-006 ~2021-05-17,같말읍 용화동길 124-17,아직 젖을 떼지 못함. 신고당시 1개월 미만.,철원군,강원도 철원군청
63,보호중,[개] 믹스견,수컷,,갈색,2021,,강원-철원-2021-00055,2021-05-006 ~2021-05-17,같말읍 용화동길 124-17,"용화저수지에서 구조, 2개월미만 추정",철원군,강원도 철원군청
64,보호중,[개] 믹스견,암컷,,갈색,2021,,강원-철원-2021-00056,2021-05-006 ~2021-05-17,같말읍 용화동길 124-17,"용화저수지에서 구조, 2개월미만 추정",철원군,강원도 철원군청
65,보호중,[개] 믹스견,수컷,,흰색+갈색,2021,1,강원-철원-2021-00057,2021-05-006 ~2021-05-17,같말읍 용화동길 124-17,"용화저수지에서 구조, 2개월미만 추정",철원군,강원도 철원군청
66,보호중,[개] 믹스견,암컷,0.0,흰색,2020,12,강원-양구-2021-00014,2021-05-006 ~2021-05-17,양구읍 월명리 도일낚시터,"중형견 , 언하고 사람 좋아함",양구,강원도 양구군청
67,보호중,[개] 슈나우져,암컷,,흰,2020,,강원-양구-2021-00015,2021-05-06 ~2021-05-17,동면 금강산로 1831번길,양전하고 1살 전후 추정,양구,강원도 양구군청
68,완료(입양),[개] 비송 프리제,암컷,,흰색,2021,8,강원-양구-2021-00016,2021-05-06 ~2021-05-17,동면 금강산로 1831번길,"소형견,양전함",양구,강원도 양구군청
69,보호중,[개] 믹스견,암컷,,검정,2016,,강원-인제-2021-00033,2021-05-06 ~2021-05-17,기린면 한석산로 3077-31,빨간색 목줄,인제군유기동물보호소,강원도 인제군청
70,종료(안락사),[개] 믹스견,수컷,0.0,흰색,2016,10,충북-충주-2021-00179,2021-05-06 ~2021-05-15,주덕읍 시장길 40,"폼피츠믹스추정,털관리안됨,사상충양성",충주시동물보호센터,충청북도 충주시청
71,완료(입양),[개] 푸들,암컷,0.0,갈색,2019,4.8,충북-제천-2021-00097',2021-05-06 ~2021-05-17,65리조트 도로변,푸들믹스 온순함,제천시 동물보호센터,충청북도 제천시정
72,보호중,[개] 믹스견,수컷,1.0,아이보리,2021,5,충북-옥천-2021-00110,2021-05-06 ~2021-05-17,군북면 이백리 324ㄱ,[관리번호 110] 성격이 순함,옥천동물병원,충정북도 옥천군청
73,보호중,[개] 말티즈,수컷,0.0,크림,2016,1.8,충북-옥천-2021-00111,2021-05-06 ~2021-05-17,옥천읍 옥천우체국 앞 도로,[관리번호 111[성격이 순함,옥천동물병원,충정북도 옥천군청
74,보호중,[개] 진도견,암컷,0.0,흰색,2018,18,충북-청주-2021-00413,2021-05-06 ~2021-05-ㄱ77,내수읍 학평길 5278,"자견 6마리와 함께 입소, 눈이 호박색이며 겁이 많음",반려동물보호센터,충청북도 청주시정
75,보호중,[개] 시바,수컷,0.0,블랙탄,2017,10,충북-청주-2021-00414,2021-05-006 ~2021-05-77,청원구청,"겁이 많지만 순하고, 털갈이 중인 시바견",반려동물보호센터,충청북도 청주시청
76,공고중,[개] 푸들,수컷,0.0,갈색,2017,5,충남-공주-2021-00183,2021-05-06 ~2021-05-20,우성면 상서리 공주보,"좌측 다리 절음, 외상,앞다리 골절",이기영수의과병원,충청남도 공주시정
77,보호중,[개] 믹스견,수컷,0.0,흰색,2020,13.00,충남-보령-2021-00136,2021-05-06 ~2021-05-17,신흑동 해수욕장 근처,"흰색, 해수욕장지구대에서 포획",보령시임시동물보호소,충청남도 보령시청
78,보호중,[개] 믹스견,수컷,0.0,흰색,2021,1.00,충남-보령-2021-00137',2021-05-06 ~2021-05-17,내항동 대천냉동 앞,2개월 추정,보령시임시동물보호소,충청남도 보령시청
79,보호중,[개] 믹스견,암컷,0.0,연갈색,2018,15.00,충남-보령-2021-00139,2021-05-06 ~2021-05-17,서해안고속도로 상행선 대천휴게소,아이보리색,보령시임시동물보호소,충청남도 보령시청
80,보호중,[개] 믹스견,수컷,0.0,연갈흰색,2018,7.00,충남-보령-2021-00140,2021-05-006 ~2021-05-77,주산면 유곡리,연갈흰색,보령시임시동물보호소,충청남도 보령시청
81,보호중,[개] 믹스견,암컷,0.0,연갈색,2019,4.00,충남-보령-2021-00141,2021-05-06 ~2021-05-17,주산면 유곡리,연갈색,보령시임시동물보호소,충청남도 보령시청
82,보호중,[개] 믹스견,수컷,0.0,연갈검색,2021,1.00,충남-보령-2021-00142,2021-05-06 ~2021-05-17,주산면 유곡리,2개월 추정,보령시임시동물보호소,충청남도 보령시청
83,완료(입양),[개] 믹스견,수컷,0.0,연갈회색,2021,1.20,충남-보령-2021-00143,2021-05-06 ~2021-05-17,주산면 유곡리,2개월 추정,보령시임시동물보호소,충청남도 보령시청
84,완료(입양),[개] 믹스견,수컷,0.0,검갈색,2021,1.00,충남-보령-2021-00144,2021-05-06 ~2021-05-17,주산면 유곡리,2개월 추정,보령시임시동물보호소,충청남도 보령시청
85,완료(입양),[개] 푸들,암컷,,갈색,2018,4.7,충남-서산-2021-00235,2021-05-06 ~2021-05-13,충남 서산시 인지면 애전2리 마을회관,"파란, 빨간색 섞인 방울달린 목걸이 착용, 사상충 있음",서산시 동물보호센터,충청남도 서산시청
86,보호중,[개] 믹스견,암컷,0.0,흑황색,2021,2.5,충남-태안-2021-00215,2021-05-06 ~2021-05-17,태안읍 동평로 42 휴먼시아 뒤 산,귀여움,최동물병원,충청남도 태안군청
87,보호중,[개] 믹스견,수컷,0.0,흑황색,2021,2.5,충남-태안-2021-00216,2021-05-06 ~2021-05-17,태안읍 동평로 42 휴먼시아 뒤 산,귀여움,최동물병원,충청남도 태안군청
88,보호중,[개] 믹스견,암컷,0.0,흑황색,2021,2.5,충남-태안-2021-00217,2021-05-06 ~2021-05-17,태안읍 동평로 42 휴먼시아 뒤 산,귀여움,최동물병원,충청남도 태안군청
89,보호중,[개] 믹스견,암컷,0.0,흑황색,2021,2.5,충남-태안-2021-00218,2021-05-06 ~2021-05-17,태안읍 동평로 42 휴먼시아 뒤 산,귀여움,최동물병원,충청남도 태안군청
90,보호중,[개] 믹스견,수컷,0.0,흑황색,2021,2.5,충남-태안-2021-00219,2021-05-06 ~2021-05-17,태안읍 동평로 42 휴먼시아 뒤 산,귀여움,최동물병원,충청남도 태안군청
91,보호중,[개] 믹스견,수컷,0.0,흑황색,2021,2.5,충남-태안-2021-00220,2021-05-06 ~2021-05-17,태안읍 동평로 42 휴먼시아 뒤 산,귀여움,최동물병원,충청남도 태안군청
92,보호중,[개] 믹스견,암컷,0.0,백색,2021,2,충남-태안-2021-00221,2021-05-06 ~2021-05-17,태안읍 중앙로 313,귀여움,최동물병원,충청남도 태안군청
93,완료(귀가),[개] 비글,수컷,,"흰,갈,검",2020,6.00,충남-당진-2021-00225,2021-05-006 ~2021-05-77,당진시 석문면 삼봉리 유림아파트 인근,"검정색 목줄착용,순함",당진시동물보호소,충청남도 당진시정
94,보호중,[개] 믹스견,수컷,,"갈,검,흰",2021,1.50,충남-당진-2021-00226,2021-05-006 ~2021-05-17,당진시 석문면 대호만로 1890-23,"3개월,순함",당진시동물보호소,충청남도 당진시정
95,완료(귀가),[개] 믹스견,수컷,,"갈,흰,검",2020,15.00,충남-당진-2021-00227,2021-005-006 ~2021-05-17,당진시 틀모시로 889,"오른쪽 다리 약간 절음,순함",당진시동물보호소,충청남도 당진시청
96,완료(귀가),[개] 시베리안 허스키,수컷,,"검,흰",2020,15.00,충남-당진-2021-00228,2021-005-006 ~2021-05-17,당진시 틀모시로 889,"오드아이,순함",당진시동물보호소,충청남도 당진시정
97,보호중,[개] 믹스견,암컷,0.0,백,2020,4.1,전북-전주-2021-00593,2021-05-06 ~2021-05-17,박영재동물병원주차장,"생리중, 병원주차장입구에 묶어두고감",박영재동물병원,전라북도 전주시청
98,완료(입양),[개] 포메라니안,암컷,0.0,흰색,2019,4.8,전북-전주-2021-00596,2021-05-006 ~2021-05-77,평화동 한성아파트,미용되어 있음,늘푸른동물병원,전라북도 전주시청
99,완료(귀가),[개] 푸들,수컷,1.0,노란색,2017,5.2,전북-전주-2021-00597,2021-05-06 ~2021-05-17,효자동 성원아파트 도로변,흰색 옷 착용,늘푸른동물병원,전라북도 전주시청
100,종료(안락사),[개] 믹스견,암컷,0.0,갈색,2019,8,전북-전주-2021-00601,2021-05-006 ~2021-05-77,삼례로 72 도로변,교통사고 피부박리,행복한동물병원,전라북도 전주시청
101,보호중,[개] 믹스견,암컷,,백,2012,3,,2021-05-06~2021-0577,정읍소방서,온순,정읍시 동물보호소,전라북도 정읍시청
102,완료(입양),[개] 푸들,암컷,,갈색,2016,5,전북-정읍-2021-00204,2021-05-06 ~2021-05-17,둘리애견,"온순, 입시보호(입양예정), 등록칩 말소",정읍시 동물보호소,전라북도 정읍시청
103,보호중,[개] 믹스견,수컷,0.0,검정 회색,2021,2.5,전북-남원-2021-00252,2021-05-006 ~2021-05-77,남원시 내척동 제실길 34,피부질환,하나동물병원,전라북도 남원시청
104,보호중,[개] 믹스견,수컷,0.0,흰색,2021,2.5,전북-남원-2021-00253,2021-05-006 ~2021-05-77,남원시 내척동 제실길 34,피부질환,하나동물병원,전라북도 남원시청
105,보호중,[개] 믹스견,암컷,0.0,검정 흰색,2021,2.5,전북-남원-2021-00254,2021-05-006 ~2021-05-77,남원시 내척동 제실길 34,피부질환,하나동물병원,전라북도 남원시청
106,보호중,[개] 믹스견,암컷,0.0,검정 흰색,2021,2.5,전북-남원-2021-00255,2021-05-06 ~2021-05-ㄱ77,남원시 내척동 제실길 34,피부질환,하나동물병원,전라북도 남원시청
107,보호중,[개] 믹스견,암컷,0.0,흰색,2021,2.5,전북-남원-2021-00256,2021-05-006 ~2021-05-77,남원시 내척동 제실길 34,피부질환,하나동물병원,전라북도 남원시청
108,보호중,[개] 믹스견,수컷,0.0,흰색 검정,2021,2.5,전북-남원-2021-00257,2021-05-006 ~2021-05-77,남원시 내척동 제실길 34,피부질환,하나동물병원,전라북도 남원시청
109,공고중,[개] 믹스견,수컷,0.0,흰색,2021,2.2,전북-임실-2021-00063,2021-05-006 ~2021-05-21,청웅면 뱃골로,두마리 함께 발견,박영재동물병원,전라북도 임실군정
110,공고중,[개] 믹스견,암컷,0.0,흰색 갈색 섞임,2021,2.1,전북-임실-2021-00064,2021-05-006 ~2021-05-21,정웅면 뱃골로,두마리 함께 발견,박영재동물병원,전라북도 임실군정
111,공고중,[개] 믹스견,암컷,0.0,흰색,2021,30,전북-임실-2021-00065,2021-05-006 ~2021-05-21,삼게면 노산로,특이사항 없음,박영재동물병원,전라북도 임실군정
112,보호중,[개] 믹스견,수컷,0.0,흰색,2021,2.5,전남-여수-2021-00237,2021-05-06 ~2021-05-17,국동 남6길,2개월령. 온순함.,유기동물보호소,전라남도 여수시청
113,보호중,[개] 믹스견,수컷,0.0,흰색,2021,2.3,전남-여수-2021-00238,2021-05-06 ~2021-05-17,국동 남6길,2개월령. 온순함.,유기동물보호소,전라남도 여수시청
114,보호중,[개] 믹스견,암컷,0.0,흰색,2021,2.2,전남-여수-2021-00239,2021-05-06 ~2021-05-17,국동 남6길,2개월령. 온순함.,유기동물보호소,전라남도 여수시청
115,보호중,[개] 믹스견,수컷,0.0,흰색,2021,2.6,전남-여수-2021-00240,2021-05-06 ~2021-05-17,국동 남6길,2개월령. 온순함.,유기동물보호소,전라남도 여수시청
116,완료(입양),[개] 믹스견,수컷,0.0,검갈색,2021,2.5,전남-여수-2021-00241,2021-05-006 ~2021-05-77,돌산 라테라스 리조트,(입양예정)2개월령. 온순함.,유기동물보호소,전라남도 여수시청
117,보호중,[개] 믹스견,암컷,0.0,검갈색,2021,2.7,전남-여수-2021-00242,2021-05-006 ~2021-05-77,돌산 라테라스 리조트,2개월령. 온순함.,유기동물보호소,전라남도 여수시청
118,완료(입양),[개] 믹스견,수컷,0.0,"갈색,흰색",2021,2.7,전남-순천-2021-00214,2021-05-006 ~2021-05-17,조례동 산,"3개월령,종합백신접종,코로나접종,광견병접종,레볼루션,구충",순천시유기동물보호소,전라남도 순천시청
119,보호중,[개] 믹스견,암컷,0.0,흰색,2021,7,전남-고흥-2021-00139,2021-05-06 ~2021-05-17,고흥읍 등압리 교육청 옆쪽,"매우예민함,사람경계함",고흥군임시보호센터,전라남도 고흥군정
120,보호중,[개] 믹스견,암컷,0.0,흰색,2021,8,전남-고흥-2021-00140,2021-05-06 ~2021-05-17,고흥군 고흥읍 등암리 교육청 근처,"매우 예민함, 사람경계심함",고흥군임시보호센터,전라남도 고흥군청
121,보호중,[개] 믹스견,암컷,0.0,검정색,2021,3,전남-고흥-2021-00141,2021-05-06 ~2021-05-17,고흥군 점암면 한동마을,"양전함, 사람잘따름",고흥군임시보호센터,전라남도 고흥군청
122,보호중,[개] 믹스견,암컷,0.0,흰색,2021,2,전남-고흥-2021-00142,2021-05-06 ~2021-05-17,고흥군 점암면 한동마을,"양전함, 사람잘따름, 귀여움",고흥군임시보호센터,전라남도 고흥군청
123,보호중,[개] 믹스견,암컷,0.0,아이보리,2021,3.5,경북-포항-2021-00541,2021-05-006 ~2021-05-17,경북 포항시 남구 동해면 일월로41번길 26 포항동성고등학교,"3개월,긋한 귀,여우얼굴,건강미 넘치는 소녀,은은한 베이지",영일동물플러스,경상북도 포항시청
124,보호중,[개] 믹스견,암컷,0.0,백,2021,4,경북-포항-2021-00542,2021-05-006 ~2021-05-77,경북 포항시 남구 지곡로 319 삼성그린빌라 318동 앞,"2.5개월,2마리같이,한쪽은 완전히 접힌 귀,다른쪽은 반에 반만|",영일동물플러스,경상북도 포항시청
125,보호중,[개] 믹스견,암컷,0.0,황 아이보리 흑,2021,4,경북-포항-2021-00543,2021-05-006 ~2021-05-77,경북 포항시 남구 지곡로 319 삼성그린빌라 318동 앞,"2.5개월,2마리같이,쪼꼬인절미스러운 복슬복슬한 털,탱청한",영일동물플러스,경상북도 포항시청
126,완료(입양),[개] 믹스견,암컷,0.0,아이보리,2021,1.3,경북-포항-2021-00544,2021-05-006 ~2021-05-17,경북 포항시 남구 동해면 일월로 102-1 인근,"2개월추정,3마리함께구조,2차접종완료(임보처에있음),병원",영일동물플러스,경상북도 포항시청
127,완료(입양),[개] 믹스견,수컷,0.0,백아이보리,2021,1.6,경북-포항-2021-00545,2021-05-006 ~2021-05-17,경북 포항시 남구 동해면 일월로 1021 인근,"2개월,3마리함께구조,2차접종완료(임보처에있음),병원에서",영일동물플러스,경상북도 포항시청
128,완료(입양),[개] 믹스견,암컷,0.0,황백,2021,1.6,경북-포항-2021-00546,2021-05-006 ~2021-05-17,경북 포항시 남구 동해면 일월로 1021 인근,"2개월추정,3마리함께구조,2차접종(임보처에있음),병원에서",영일동물플러스,경상북도 포항시청
129,완료(귀가),[개] 믹스견,암컷,,황,2021,,경북-포항-2021-00547',2021-05-006 ~2021-05-17,경상북도 포항시 남구 상공로46번길 11,"5개월, 목테착용,얄은 흰색줄이 목테에 묶여있었음, 덩치큰",영일동물플러스,경상북도 포항시청
130,완료(귀가),[개] 말티즈,수컷,1.0,백,2017,,경북-포항-2021-00548,2021-05-006 ~2021-05-17,경북 포항시 남구 대잠동길 17 성모병원 인근 (철길숲),"산책로에 돌아다니고 있었다함, 미용되어있고 깨끗함, 파워풀",영일동물플러스,경상북도 포항시청
131,완료(입양),[개] 믹스견,암컷,0.0,황백흑,2021,2,경북-포항-2021-00549,2021-05-006 ~2021-05-17,경북 포항시 북구 기계면 기남길253번길 74 봉강재,"2~3개월, 엄청 독특한 곱슬복슬의 털, 얼굴에 포인트 흰털라",영일동물플러스,경상북도 포항시청
132,종료(안락사),[개] 믹스견,수컷,0.0,황흑백,2021,2,경북-포항-2021-00550,2021-05-006 ~2021-05-17,경북 포항시 북구 기계면 기남길253번길 74 봉강재,"2~3개월, 엄청 곱슬복슬한 털, 여자아이로 오해할 정도의 이",영일동물플러스,경상북도 포항시청
133,보호중,[개] 믹스견,암컷,,아이보리 백,2020,,경북-포항-2021-00551,2021-05-006 ~2021-05-17,경북 포항시 북구 기계면 미현리 842,"2마리 같이,연한 베이지색 파티컬러,진한 쌍커플에 속눈썸이",영일동물플러스,경상북도 포항시청
134,보호중,[개] 믹스견,암컷,,황,2020,5,경북-포항-2021-00552,2021-05-006 ~2021-05-17,경북 포항시 북구 기계면 미현리 842,"2마리 같이,부드러운 모래사장에서 볼 수 있는 예쁜털색,앞은",영일동물플러스,경상북도 포항시청
135,종료(안락사),[개] 믹스견,암컷,0.0,황 아이보리,2021,2,경북-포항-2021-00553,2021-05-006 ~2021-05-77,경북 포항시 북구 청하면 청하로191번길 13-24,"3개월, 3마리같이,피부병있음,미간부터 내려와 콩에서 퍼지",영일동물플러스,경상북도 포항시청
136,종료(안락사),[개] 믹스견,수컷,0.0,황 아이보리,2021,2,경북-포항-2021-00554,2021-05-006 ~2021-05-77,경북 포항시 북구 청하면 청하로191번길 13-24,"3개월, 3마리같이,피부병있음,갈매기모양 눈썸에 접혀있는",영일동물플러스,경상북도 포항시청
137,종료(안락사),[개] 믹스견,수컷,0.0,황백,2021,,경북-포항-2021-00555,2021-05-006 ~2021-05-77,경북 포항시 북구 청하면 청하로191번길 13-24,"3개월, 3마리같이,피부병있음,진한 황색 파티컬러,끝쪽만 살",영일동물플러스,경상북도 포항시청
138,완료(귀가),[개] 시베리안 허스키,수컷,0.0,황색,2016,25,경북-문경-2021-00141,2021-05-006 ~2021-05-ㄱ13,유곡불정로,목줄과 줄이 달려있고 순함,종합가축병원,경상북도 문경시청
139,완료(귀가),[개] 푸들,암컷,1.0,갈색,2017,5.8,경북-경산-2021-00233,2021-05-06 ~2021-05-17,사정동,"경산역 부근에서 배회, 미용이 되어 있음",경산시유기동물보호소,경상북도 경산시정
140,완료(귀가),[개] 셰퍼드,암컷,0.0,검갈색,2016,32.45,경북-경산-2021-00234,2021-05-06 ~2021-05-17,자인 옥천리,옥천 2리 인근마을에서 배회하여 구조,경산시유기동물보호소,경상북도 경산시정
141,보호중,[개] 믹스견,암컷,0.0,갈색 얼룩,2014,10,경북-영덕-2021-00083,2021-05-006 ~2021-05-17,달산면 팔각산장 부근,보호소에서 새끼를 출산함,영덕유기동물보호센터,경상북도 영덕군청
142,보호중,[개] 믹스견,암컷,0.0,갈색 얼룩,2016,7,경북-영덕-2021-00084,2021-05-006 ~2021-05-17,축산항 해양파출소 부근,보호소에서 새끼를 출산함,영덕유기동물보호센터,경상북도 영덕군청
143,보호중,[개] 믹스견,수컷,,갈색,2016,,경북-영덕-2021-00085,2021-05-006 ~2021-05-77,영덕읍 삼계리 부근,사람을 경계함,영덕유기동물보호센터,경상북도 영덕군청
144,보호중,[개] 믹스견,암컷,0.0,검정 얼룩,2018,4,경북-영덕-2021-00086,2021-05-06 ~2021-05-17,영덕읍 화개길 부근,순한 편임,영덕유기동물보호센터,경상북도 영덕군청
145,보호중,[개] 믹스견,암컷,0.0,흰색 얼룩,2018,,경북-영덕-2021-00087',2021-05-06 ~2021-05-17,영해 연평부근,순한 편이지만 사람을 멀리함,영덕유기동물보호센터,경상북도 영덕군청
146,보호중,[개] 믹스견,암컷,0.0,황색 얼룩,2021,2,경북-영덕-2021-00088,2021-05-006 ~2021-05-77,영해 연평부근,사람을 잘 따름,영덕유기동물보호센터,경상북도 영덕군청
147,보호중,[개] 믹스견,수컷,0.0,베이지색 얼룩,2021,2,경북-영덕-2021-00089,2021-05-006 ~2021-05-77,영해 연평부근,사람을 잘 따름,영덕유기동물보호센터,경상북도 영덕군청
148,보호중,[개] 믹스견,수컷,0.0,베이지색 얼룩,2021,2,경북-영덕-2021-00090,2021-05-06 ~2021-05-17,영해 연평부근,사람을 잘 따르고 귀여움,영덕유기동물보호센터,경상북도 영덕군청
149,완료(입양),[개] 믹스견,암컷,0.0,흰색 얼룩,2021,2,경북-영덕-2021-00091,2021-05-06 ~2021-05-17,영덕읍 구미2길 14ㄱ7,사람을 잘 따르고 귀여움,영덕유기동물보호센터,경상북도 영덕군청
150,보호중,[개] 믹스견,암컷,,갈색,2021,3,경북-청도-2021-00134,2021-05-06 ~2021-05-17,금천면 방지3길22,사람경계함,청도동물보호소,경상북도 청도군청
151,보호중,[개] 믹스견,수컷,,갈색,2021,5,경북-청도-2021-00135,2021-05-06 ~2021-05-17,금천면 방지3길22,사납고 사람경계함,청도동물보호소,경상북도 청도군청
152,보호중,[개] 믹스견,,,,,,경북-고령-2021-00081,2021-05-06 ~2021-05-17,다산면 나정리573,경계심,양성훈보호소,경상북도 고령군청
153,종료(자연사),[개] 믹스견,수컷,,회색,2016,10.00,경북-고령-2021-00080,2021-05-06 ~2021-05-17,다산면 나정리573,콘등위 종양,양성훈보호소,경상북도 고령군청
154,종료(자연사),[개] 믹스견,암컷,0.0,흰색,2020,5.00,경북-고령-2021-00079,2021-05-06 ~2021-05-17,다산면 곽촌리 토탈조경,양쪽귀 황토색 섞임,양성훈보호소,경상북도 고령군청
155,보호중,[개] 믹스견,암컷,0.0,"갈색,흰색",2018,7.00,경북-고령-2021-00078,2021-05-06 ~2021-05-17,다산면 벌지2리18ㄱ,새끼 포유중,양성훈보호소,경상북도 고령군정
156,보호중,[개] 믹스견,암컷,0.0,검은색,2021,1.50,경북-고령-2021-00077',2021-05-06 ~2021-05-17,다산면 벌지2리18ㄱ,젖먹이,양성훈보호소,경상북도 고령군정
157,보호중,[개] 믹스견,암컷,0.0,검은색,2021,1.50,경북-고령-2021-00076,2021-05-06 ~2021-05-17,다산면 벌지2리18ㄱ,젖먹이,양성훈보호소,경상북도 고령군정
158,보호중,[개] 믹스견,암컷,0.0,검은색,2021,1.50,경북-고령-2021-00075,2021-05-06 ~2021-05-17,다산면 벌지2리18ㄱ,젖먹이,양성훈보호소,경상북도 고령군정
159,보호중,[개] 믹스견,수컷,0.0,검은색,2021,1.50,경북-고령-2021-00074,2021-05-06 ~2021-05-17,다산면 벌지2리18ㄱ,젖먹이,양성훈보호소,경상북도 고령군정
160,보호중,[개] 믹스견,수컷,,검은색,2021,1.50,경북-고령-2021-00073,2021-05-06 ~2021-05-17,다산면 벌지2리18ㄱ,젖먹이,양성훈보호소,경상북도 고령군청
161,보호중,[개] 믹스견,수컷,0.0,검은색,2021,1.50,경북-고령-2021-00072,2021-05-06 ~2021-05-17,다산면 벌지2리18ㄱ,젖먹이,양성훈보호소,경상북도 고령군정
162,보호중,[개] 포메라니안,,,,,,경북-성주-2021-00117,2021-05-006 ~2021-05-17,벽진면 매수리2273,사람을 너무 좋아함.공고전 임시보호하시는분께 입양우선권을,성주유기동물보호센터,경상북도 성주군청
163,보호중,[개] 진도견,암컷,0.0,흰색,2021,0.2,경북-성주-2021-00118,2021-05-006 ~2021-05-17,선남면용신리603,수로에 빠진 어미1마리 새끼 4마리구조,성주유기동물보호센터,경상북도 성주군청
164,보호중,[개] 진도견,암컷,0.0,흰색,2021,0.2,경북-성주-2021-00119,2021-05-006 ~2021-05-17,선남면용신리603,수로에 빠진 어미1마리 새끼 4마리구조,성주유기동물보호센터,경상북도 성주군청
165,보호중,[개] 믹스견,암컷,,흰색 갈색,2018,,경북-칠곡-2021-00133,2021-05-06 ~2021-05-13,북삼읍인평리소방서옆,순하고 사람잘따름,칠곡유기동물보호센터,경상북도 칠곡군청
166,완료(입양),[개] 믹스견,수컷,0.0,검은색,2021,0.6,경북-칠곡-2021-00134,2021-05-06 ~2021-05-13,석적읍반계리,15일전어미와함게구조 어미와함께입양됨,칠곡유기동물보호센터,경상북도 칠곡군청
167,완료(입양),[개] 믹스견,암컷,0.0,흰색,2021,0.6,경북-칠곡-2021-00135,2021-05-06 ~2021-05-13,석적반계리,15일전어미와함게구조 어미와함께입양됨,칠곡유기동물보호센터,경상북도 칠곡군청
168,보호중,[개] 믹스견,암컷,0.0,갈색,2018,12,경북-칠곡-2021-00136,2021-05-006 ~2021-05-ㄱ13,왜관읍매원리,할아버지요양시설이동으로 고아된아이,칠곡유기동물보호센터,경상북도 칠곡군청
169,보호중,[개] 믹스견,수컷,0.0,흰색 눈과귀초코색,2019,10,경북-칠곡-2021-00137',2021-05-006 ~2021-05-ㄱ13,왜관읍매원리,할아버지요양시설이동으로 고아된아이,칠곡유기동물보호센터,경상북도 칠곡군청
170,보호중,[개] 믹스견,암컷,0.0,흰색,2018,13.00,경북-울진-2021-00151,2021-05-06 ~2021-05-13,북면 부구2리 오폐수처리장,온순하고 친화적임,울진군동물보호센터,경상북도 울진군청
171,보호중,[개] 진도견,수컷,0.0,흰색,2020,11.00,경북-울진-2021-00152,2021-05-006 ~2021-05-ㄱ13,북면 주인리 173,온순하고 친화적,울진군동물보호센터,경상북도 울진군정
172,보호중,[개] 믹스견,암컷,0.0,흰색+갈색,2021,8.2,경남-진주-2021-00202,2021-05-006 ~2021-05-17,진주시 문산읍 옥산리,"4개월 추정,순함",진주시유기동물보호소,경상남도 진주시청
173,완료(귀가),[개] 믹스견,수컷,0.0,갈색,2021,12,경남-사천-2021-00126,2021-05-006 ~2021-05-77,사남119,사람을 무척 좋아함.,사천시 동물보호센터,경상남도 사천시청
174,보호중,[개] 믹스견,수컷,0.0,연갈색,2020,8,경남-밑양-2021-00700,2021-05-006 ~2021-05-77,하남,경계심이 강한 아이/관심이 필요한 아이,밀양시동물보호센터,경상남도 밀양시청
175,종료(자연사),[개] 진도견,수컷,0.0,화이트,2019,20,경남-밀양-2021-00702,2021-05-006 ~2021-05-77,하남,순하고 영리해 보임,밀양시동물보호센터,경상남도 밀양시청
176,보호중,[개] 믹스견,수컷,0.0,검정,2021,1,경남-의령-2021-00059,2021-05-006 ~2021-05-17,경남 의령군 대의 신전마을 부근,사람 손 잘탐,하영효,경상남도 의령군청
177,보호중,[개] 믹스견,암컷,0.0,흰 검,2021,1,경남-의령-2021-00060,2021-05-006 ~2021-05-17,경남 의령군 대의 신전마을 부근,사람손잘탐,하영효,경상남도 의령군청
178,보호중,[개] 믹스견,암컷,0.0,흰색,2021,1,경남-의령-2021-00061,2021-05-006 ~2021-05-17,경남 의령군 대의 신전마을 부근,사람손잘탐,하영효,경상남도 의령군청
179,보호중,[개] 믹스견,암컷,0.0,흰색,2021,1,경남-의령-2021-00062,2021-05-006 ~2021-05-17,경남 의령군 대의 신전마을 부근,사람손잘탐,하영효,경상남도 의령군청
180,보호중,[개] 믹스견,암컷,0.0,검정,2021,,경남-의령-2021-00063,2021-05-006 ~2021-05-17,경남 의령군 대의 신전마을 부근,사람 손 잘탐,하영효,경상남도 의령군청
181,완료(입양),[개] 믹스견,암컷,0.0,갈색,2019,15,경남-의령-2021-00064,2021-05-006 ~2021-05-77,경남 의령군 용덕면 용암로 472-8,"목줄없음 , 사람 손 잘 탐",하영효,경상남도 의령군청
182,종료(자연사),[개] 믹스,수컷,0.0,흰색,2021,2.8,경남-함양-2021-00091,2021-05-006 ~2021-05-77,함양군 함양읍 백연리,"사람을 좋아하며, 암전함",함양군위탁보호소,경상남도 함양군청
183,보호중,[개] 믹스견,수컷,,갈색,2019,11,경남-거창-2021-00104,2021-05-006 ~2021-05-77,주상면 도평3길 35,2세 추정,나래동물병원,경상남도 거창군청
184,보호중,[개] 믹스견,암컷,0.0,흰색,2019,12,경남-합천-2021-00120,2021-05-006 ~2021-05-77,합천읍 대양,마을 산으로 들개처럼 배회 구조,태민동물병원,경상남도 합천군청
185,보호중,[개] 시바,암컷,,갈색,2021,11,세종-세종-2021-00195,2021-05-06 ~2021-05-13,조치원읍,8개월추정,세종유기동물보호센터,세종특별자치시청
186,보호중,[개] 믹스견,암컷,,흰색,2021,,세종-세종-2021-00196,2021-05-06 ~2021-05-13,조치원읍,"8개월추정, 마름",세종유기동물보호센터,세종특별자치시청
187,보호중,[개] 그레이트 피레니즈,수컷,0.0,흰색,2017,45,세종-세종-2021-00197,2021-05-006 ~2021-05-13,조치원읍 번암리 44-8,"목줄착용한 상태로 돌아다님, 온순함",세종유기동물보호센터,세종특별자치시청
188,완료(귀가),[개] 믹스견,수컷,0.0,갈,2011,2011,서울-강북-2021-00089,2021-05-07~2021-05-17,수유동 738 한원힐트리움수유 아파트,백내장. 온순함. 꼬리단미안됨. 털상태 양호.,한국동물구조관리협회,서울특별시 강북구청
189,보호중,[개] 치와와,수컷,0.0,갈,2014,3.30,서울-노원-2021-00059,2021-05-007~2021-05-17,중계동 2001아울렛 도로,빨간목줄.처음에는겁있으나한번만져주면사람좋아함.활발함.,한국동물구조관리협회,서울특별시 노원구정
190,보호중,[개] 스피츠,수컷,0.0,흰,2020,6,서울-은평-2021-00066,2021-05-007~2021-05-17,가좌로 11길 30-14 인근,"약간의 부정교합. 사람좋아함/온순. 꼬리단미안됨, 털상태 양",한국동물구조관리협회,서울특별시 은평구정
191,보호중,[개] 포메라니안,수컷,0.0,갈,2020,2020,서울-서대문-2021-00037,2021-05-07~2021-05-17,북가좌동 일대,양눈눈물자국약간. 코검정. 몸털듬성듬성짧음. 사람좋아함. 활,한국동물구조관리협회,서울특별시 서대문구청
192,완료(귀가),[개] 진도견,수컷,,흰색,2018,12,서울-동작-2021-00070,2021-05-007~2021-05-17,중앙대병원 근처,온순.동물학대 신고 협조,디아크동물종합병원,서울특별시 동작구정
193,보호중,[개] 믹스견,수컷,0.0,흰+갈색 반점,2020,10,대구-동구-2021-00098,2021-05-07~2021-05-17,반야월로 18길 57,.,대구유기동물보호센터,대구광역시 동구청
194,보호중,[개] 믹스견,암컷,0.0,검정,2019,9,대구-동구-2021-00099,2021-05-07~2021-05-17,공산 119,"기력없음, 영양상태 불량",대구유기동물보호센터,대구광역시 동구청
195,보호중,[개] 푸들,수컷,0.0,회색,2017,3.5,대구-남구-2021-00065,2021-05-07~2021-05-ㄱ77,빨래터 부근,미용,대구유기동물보호센터,대구광역시 남구청
196,종료(자연사),[개] 믹스견,암컷,0.0,검정,2021,0.80,대구-달성-2021-00201,2021-05-07~2021-05-17,국가산단 도로,3마리 구조,달성축산동물병원,대구광역시 달성군정
197,보호중,[개] 믹스견,암컷,0.0,검정,2021,0.80,대구-달성-2021-00202,2021-05-07~2021-05-17,국가산단 도로,3마리 구조,달성축산동물병원,대구광역시 달성군정
198,보호중,[개] 믹스견,암컷,0.0,검정,2021,0.80,대구-달성-2021-00203,2021-05-07~2021-05-17,국가산단 도로,3마리 구조,달성축산동물병원,대구광역시 달성군정
199,보호중,[개] 믹스견,암컷,,"검,흰",2019,5,인천-연수-2021-00085,2021-05-07~2021-05-ㄱ77,연수구청 구청케이지,양쪽뒷자리 못씀,인천광역시수의사회,인천광역시 연수구청
200,보호중,[개] 믹스견,수컷,,흰색,2019,,인천-남동-2021-00158,2021-05-007~2021-05-17,남동구 남동대로 586-50,"오른쪽 앞다리 골절, 목줄착용",인천수의사회,인천광역시 남동구청
201,완료(귀가),[개] 믹스견,수컷,1.0,갈.흰,2019,30,인천-남동-2021-00159,2021-05-07~2021-05ㄱ77,남동구 만수지구대,"중성화 완료, 포메라니안 믹스",인천수의사회,인천광역시 남동구청
202,보호중,,수컷,,갈백색,2019,11,대전-서구-2021-00161,2021-05-007~2021-05-17,노루벌 캠핑장 인근,,대전동물보호센터,대전광역시 서구청
203,보호중,[개] 믹스견,수컷,0.0,흰색,2016,"18,5",울산-중구-2021-00088,2021-05-007~2021-05-17,중구 우정동 행정복지센터 부근,빨간 목테 착용/쇠목줄착용/목줄에 쇠말뚝 달려있음/순함,울산유기동물보호센터,울산광역시 중구청
204,보호중,[개] 믹스견,암컷,0.0,황색,2021,0.74,경기-고양-2021-00398,2021-05-07~2021-05-17,설문동 1045 부근,아기강아지/임시보호(5.10~7.9),고양시동물보호센터,경기도 고양시청
205,보호중,[개] 믹스견,암컷,0.0,흰색,2021,0.58,경기-고양-2021-00399,2021-05-07~2021-05-ㄱ77,설문동 1045 부근,아기강아지,고양시동물보호센터,경기도 고양시청
206,완료(귀가),[개] 말티즈,수컷,1.0,흰색,2016,2.4,경기-고양-2021-00400,2021-005-007~2021-05-77,행신동 195-1 부근,적색목줄 착용,고양시동물보호센터,경기도 고양시청
207,보호중,[개] 믹스견,암컷,,흰,2020,9,경기-구리-2021-00051,2021-05-07~2021-05-17,사노동 일대,"경계/이빨드러냄/입질심함. 꼬리단미안됨, 털상태 양호.",한국동물구조관리협회,경기도 구리시청
208,완료(귀가),[개] 라브라도 리트리버,암컷,,검,2018,17,경기-김포-2021-00240,2021-05-007~2021-05-17,통진읍 귀전리 공장일대,체인목줄/검은가죽목줄. 앉아 하는듯. 활발/애교많음. 꼬리단,한국동물구조관리협회,경기도 김포시청
209,보호중,[개] 믹스견,수컷,0.0,갈,2020,,경기-포천-2021-00381,2021-05-007~2021-05-17,호병골길 78-22 인근,양귀반접힘. 눈곱약간. 코검정. 겁많음/소심/움찔탬/도망다,한국동물구조관리협회,경기도 포천시청
210,보호중,[개] 믹스견,암컷,,흰,2021,1.3,경기-포천-2021-00382,2021-05-007~2021-05-77,정자동길 113 인근,양귀반접힘. 눈곱약간. 눈물자국약간. 코검정. 사람좋아함/활,한국동물구조관리협회,경기도 포천시청
211,보호중,[개] 믹스견,수컷,0.0,검,2019,,경기-포천-2021-00383,2021-05-007~2021-0577,가산면 감암길 223-38 인근,온순함/양전함. 꼬리단미안됨. 털때탐.,한국동물구조관리협회,경기도 포천시청
212,완료(귀가),[개] 믹스견,수컷,,흑갈색,2017,25,강원-태백-2021-00049,2021-05-07~2021-05-ㄱ77,혈암동 한성교회 부근,사람을 잘 따름,태백유기동물,강원도 태백시청
213,보호중,[개] 라브라도 리트리버,수컷,0.0,밤색,2020,25,충북-진천-2021-00053,2021-05-07~2021-05-17,농다리은행나무집,"온순, 검정개와같이발견",진천군유기동물보호소,충정북도 진천군청
214,보호중,[개] 라브라도 리트리버,암컷,0.0,검정,2020,25,충북-진천-2021-00054,2021-05-07~2021-05-17,농다리은행나무집,"온순,밤색개와같이발견",진천군유기동물보호소,충정북도 진천군청
215,보호중,[개] 믹스견,수컷,0.0,갈색,2021,13,충북-진천-2021-00055,2021-05-07~2021-05-17,백곡면백곡로577-4,"겁있음,온순",진천군유기동물보호소,충청북도 진천군청
216,보호중,[개] 믹스견,수컷,0.0,흰색,2018,20,충남-천안-2021-00382,2021-05-007~2021-05-17,신도브래뉴 아파트 109동 앞,순함,유실유기동물보호소,충청남도 천안시청
217,완료(귀가),[개] 푸들,수컷,1.0,크림색,2017,3.5,충남-천안-2021-00383,2021-05-07~2021-05-17,봉명동,"옷 입고있음, 미용한지 얼마안됨",유실유기동물보호소,충청남도 천안시청
218,완료(귀가),[개] 믹스견,수컷,0.0,크림&8070;검정색,2021,6,충남-아산-2021-00369,2021-05-007~2021-05-17,신창면 순천향로 336-8,661호(관리) 369호(공고) 4개월추정,아산시동물보호센터,충청남도 아산시청
219,완료(입양),[개] 푸들,수컷,0.0,화이트,2018,6.54,충남-서산-2021-00236,2021-05-07~2021-05-14,충남 서산시 대산읍 독곳수등길 바닷가 부근,"순함, 사람 잘따름, 사상중 없음",서산시 동물보호센터,충청남도 서산시청
220,보호중,[개] 골든 리트리버,암컷,,황금색,2015,28.90,충남-서산-2021-00237,2021-05-007~2021-05-14,지곡면 중앙리 바닷가 농수로,"순함, 사람 잘따름",서산시 동물보호센터,충청남도 서산시청
221,보호중,[개] 골든 리트리버,수컷,0.0,황금색,2015,29.80,충남-서산-2021-00238,2021-05-07~2021-05-14,지곡면 중앙리 바닷가 농수로,"순함, 사람 잘따름",서산시 동물보호센터,충청남도 서산시청
222,보호중,[개] 믹스견,암컷,,"흰색, 연갈색",2018,9.94,충남-서산-2021-00239,2021-05-07~2021-05-14,동문동 율지9로 7 홍능감자탕,겁 많음,서산시 동물보호센터,충청남도 서산시청
223,보호중,[개] 믹스견,암컷,,화이트,2019,5.00,충남-서산-2021-00241,2021-05-07~2021-05-14,부석면 무학로 1024-17,"순함, 사람 잘따름",서산시 동물보호센터,충청남도 서산시청
224,완료(귀가),[개] 푸들,수컷,1.0,화이트,2019,7.32,충남-서산-2021-00240,2021-05-07~2021-05-14,서산시산림조합 부근,"순함, 사람 잘따름",서산시 동물보호센터,충청남도 서산시정
225,보호중,[개] 믹스견,암컷,0.0,흰색,2019,8,충남-부여-2021-00161,2021-05-007~2021-05-77,구룡면 죽교리 186,"갈색 귀, 오른 눈 위 갈색, 임신중",남부여동물병원,충청남도 부여군청
226,완료(귀가),[개] 푸들,암컷,0.0,백색,2017,8,전남-담양-2021-00121,2021-05-007~2021-05-21,담양읍 죽녹원로 130,"검정색 목줄 착용, 미용이 되있음, 온순함",담양군 동물보호 센터,전라남도 담양군청
227,보호중,[개] 믹스견,암컷,,검정색,2019,,전남-신안-2021-00090,2021-05-07~2021-05-17,안좌면,"오랜시간 한 장소를 배회함,임신추정",신안유기동물보호센터,전라남도 신안군청
228,완료(입양),[개] 믹스견,암컷,0.0,흰색,2019,9.0,경북-경주-2021-00319,2021-05-007~2021-05-17,감포읍 전동리 449-2,사나움,경주시유기동물보호소,경상북도 경주시정
229,완료(입양),[개] 믹스견,수컷,0.0,흰색,2021,0.60,경북-경주-2021-00321,2021-05-007~2021-05-17,천북면 신당리 경주거점소독시설 인근,생후20일령,경주시유기동물보호소,경상북도 경주시정
230,완료(입양),[개] 믹스견,수컷,0.0,흰색,2021,0.62,경북-경주-2021-00322,2021-05-007~2021-05-17,천북면 신당리 경주거점소독시설 인근,생후20일령,경주시유기동물보호소,경상북도 경주시정
231,완료(입양),[개] 믹스견,수컷,0.0,갈색흰색,2021,0.62,경북-경주-2021-00323,2021-05-007~2021-05-17,천북면 신당리 경주거점소독시설 인근,생후20일령,경주시유기동물보호소,경상북도 경주시정
232,완료(입양),[개] 믹스견,수컷,0.0,흰색,2021,0.65,경북-경주-2021-00324,2021-05-07~2021-05-17,천북면 신당리 경주거점소독시설 인근,생후20일령,경주시유기동물보호소,경상북도 경주시청
233,완료(입양),[개] 믹스견,수컷,0.0,검정색,2021,0.60,경북-경주-2021-00325,2021-05-007~2021-05-17,천북면 신당리 경주거점소독시설 인근,생후20일령,경주시유기동물보호소,경상북도 경주시정
234,완료(귀가),[개] 라브라도 리트리버,수컷,0.0,흰색,2020,33,경북-영주-2021-00103,2021-05-07~2021-05-17,영주시 신광교회 부근,특이사항 없음,영주시 동물보호센터,경상북도 영주시청
235,보호중,[개] 믹스견,수컷,0.0,황색,2020,20,경북-영주-2021-00104,2021-05-07~2021-05-17,영주시 부석면 의상로 1127-38,특이사항 없음,영주시 동물보호센터,경상북도 영주시청
236,완료(입양),[개] 푸들,수컷,1.0,갈색,2016,6,경남-창원2-2021-00126,2021-05-07~2021-05-17,"신고자가 발견장소에서 보호자가 을 수 있어서 이틀간 보호,",,마산유기동물보호소,
237,보호중,[개] 믹스견,암컷,0.0,검갈색,2010,,경남-통영-2021-00157,2021-05-007~2021-05-17,정구아파트 근처,"축주사망으로 형제노견 1마리와 입소,치석에 의한 치아부실",사랑애완동물병원,경상남도 통영시청
238,보호중,[개] 믹스견,수컷,1.0,검정색,2010,,경남-통영-2021-00158,2021-05-007~2021-05-17,정구아파트 근처,"축주사망으로 형제노견 1마리와 입소,치석에 의한 치아부실",사랑애완동물병원,경상남도 통영시청
239,보호중,[개] 믹스견,암컷,,흰색,2019,11,경남-김해-2021-00441,2021-05-07~2021-05-17,김해시 생림면 나전로 81 5\셀프주유소,1-383,누리동물병원,경상남도 김해시청
240,보호중,[개] 믹스견,암컷,,흰색,2021,4.6,경남-김해-2021-00442,2021-05-007~2021-05-77,김해시 생림면 나전로 81 5\<셀프주유소,"1-384, 6개월 추정",누리동물병원,경상남도 김해시청
241,보호중,[개] 믹스견,수컷,,흰색,2021,,경남-김해-2021-00443,2021-05-07~2021-05-17,김해시 생림면 나전로 81 5\셀프주유소,"1-385, 6개월추정",누리동물병원,경상남도 김해시청
242,보호중,[개] 믹스견,암컷,,갈색,2021,1.15,경남-김해-2021-00444,2021-05-007~2021-05-17,김해시 가락로38번길 21(부원동,"1-386, 3개월추정",누리동물병원,경상남도 김해시청
243,보호중,[개] 믹스견,수컷,,갈색+흰색,2021,1.67,경남-김해-2021-00445,2021-05-007~2021-05-17,김해시 가락로38번길 21(부원동,"1-387, 3개월추정",누리동물병원,경상남도 김해시청
244,종료(자연사),[개] 믹스견,수컷,,갈색,2021,1.8,경남-김해-2021-00446,2021-05-007~2021-05-17,김해시 가락로38번길 21(부원동,"1-388, 3개월추정",누리동물병원,경상남도 김해시청
245,보호중,[개] 차우차우,암컷,,검정,2019,20,경남-양산-2021-00070,2021-05-007~2021-0577,물금리698,,양산시유기동물보호소,경상남도 양산시청
246,보호중,,,,,,,경남-양산-2021-00071,2021-05-007~2021-0577,물금리698,,양산시유기동          소,경상남도 양산시점
247,종료(자연사),[개] 믹스견,암컷,0.0,노랑,2021,7,경남-창녕-2021-00290,2021-05-007~2021-05-17,부곡면 학포,동네 떠돌이 개,창녕 유기동물보호소,경상남도 창녕군청
248,종료(자연사),[개] 믹스견,암컷,0.0,검정+흰색,2020,10,경남-창녕-2021-00291,2021-05-07~2021-05-ㄱ77,창녕읍 환곡어도길,동네 떠돌이 개,창녕 유기동물보호소,경상남도 창녕군청
249,종료(자연사),[개] 믹스견,암컷,0.0,노랑+갈색,2021,7,경남-창녕-2021-00292,2021-05-007~2021-05-17,창녕읍 환곡어도길,동네 떠돌이 개,창녕 유기동물보호소,경상남도 창녕군청
250,종료(자연사),[개] 믹스견,암컷,0.0,갈색+검정,2021,6,경남-창녕-2021-00293,2021-05-007~2021-05-17,창녕읍 탐하리,최근 유기 된듯함,창녕 유기동물보호소,경상남도 창녕군청
251,보호중,[개] 믹스견,수컷,0.0,갈색,2021,11.5,제주-제주-2021-01754,2021-05-007~2021-05-17,서귀포시 강정동 3054,(개체관리번호1661)생후11개월,제주 동물보호센터,제주특별자치도청
252,보호중,[개] 믹스견,수컷,0.0,검,2021,2021,제주-제주-2021-01755,2021-05-07~2021-05-17,서귀포시 대정읍 하모3리사무소,"(개체관리번호1662)생후4개월, 골반골절",제주 동물보호센터,제주특별자치도청
253,완료(귀가),[개] 믹스견,수컷,0.0,흰,2021,2021,제주-제주-2021-01756,2021-05-007~2021-05-17,서귀포시 남원읍 태위로93,"(개체관리번호1663)생후4개월, 초코목줄",제주 동물보호센터,제주특별자치도정
254,완료(입양),[개] 믹스견,수컷,0.0,검정,2019,17,제주-제주-2021-01757,2021-05-07~2021-05-17,서귀포시 대정읍 도원로74-4,(개체관리번호1664)임시보호,제주 동물보호센터,제주특별자치도청
255,보호중,[개] 믹스견,수컷,0.0,흰색,2018,15,제주-제주-2021-01758,2021-05-07~2021-05-17,서귀포시 성산읍 신산리1394,(개체관리번호1665)경계심,제주 동물보호센터,제주특별자치도청
256,보호중,[개] 믹스견,수컷,0.0,갈색,2020,8,제주-제주-2021-01759,2021-05-07~2021-05-17,서귀포시 성산읍 신산리1394,(개체관리번호1666)경계심,제주 동물보호센터,제주특별자치도청
257,보호중,[개] 믹스견,암컷,0.0,갈색,2021,5.6,제주-제주-2021-01760,2021-05-07~2021-05-17,서귀포시 성산읍 신산리1994,(개체관리번호1667)생후4개월,제주 동물보호센터,제주특별자치도청
258,보호중,[개] 믹스견,암컷,0.0,흰색,2021,5.7,제주-제주-2021-01761,2021-05-07~2021-05-17,서귀포시 표선면 녹산로679-11 정석비행장,(개체관리번호1668)생후4개월,제주 동물보호센터,제주특별자치도청
259,종료(자연사),[개] 도베르만,암컷,0.0,검,2018,2018,제주-제주-2021-01762,2021-05-007~2021-05-17,제주시 오등동 온난화대응농협연구소 맞은편,(개체관리번호1669)골반골절,제주 동물보호센터,제주특별자치도청
260,보호중,[개] 포인터,수컷,0.0,흰,2020,2020,제주-제주-2021-01763,2021-05-007~2021-05-17,제주시 조천읍 대흘리453-1 인근,(개체관리번호1670)빨간목,제주 동물보호센터,제주특별자치도청
261,보호중,[개] 믹스견,암컷,0.0,갈색,2021,4.5,제주-제주-2021-01764,2021-05-007~2021-05-17,제주시 노형동 한라대학로85,(개체관리번호1671)생후3개월,제주 동물보호센터,제주특별자치도청
262,완료(귀가),[개] 믹스견,암컷,0.0,흰,2021,2021,제주-제주-2021-01765,2021-05-007~2021-05-17,제주시 연동 똑똑똑 동물병원,(개체관리번호1672)생후11개월,제주 동물보호센터,제주특별자치도정
263,보호중,[개] 믹스견,암컷,0.0,갈색,2021,9.9,제주-제주-2021-01766,2021-05-007~2021-05-17,제주시 애월읍 광령리 828,(개체관리번호1673)생후5개월,제주 동물보호센터,제주특별자치도청
264,보호중,[개] 믹스견,수컷,0.0,흰색,2013,2.7,제주-제주-2021-01767,2021-05-007~2021-05-17,서귀포시 성산읍 시흥상동로 68번길30,"(개체관리번호1674)검정목줄, 경계심",제주 동물보호센터,제주특별자치도청
265,보호중,[개] 믹스견,암컷,0.0,흰색,2018,20,제주-제주-2021-01768,2021-05-007~2021-05-17,서귀포시 성산읍 시흥상동로 68번길30,"(개체관리번호1675)빨간목줄, 경계심",제주 동물보호센터,제주특별자치도정
266,보호중,[개] 스피츠,수컷,0.0,화이트,2020,,전북-군산-2021-00416,2021-05-08 ~2021-05-18,임피면 동군산로 556,종이박스안에 넣어져 유기됨,군산유기동물보호센터,전라북도 군산시청
267,보호중,[개] 믹스견,수컷,0.0,블랙,2019,15,전북-군산-2021-00417,2021-05-08 ~2021-05-18,군산 119구조대,군산 119구조대에서 구조후 보호소에 인계.,군산유기동물보호센터,전라북도 군산시청
268,보호중,[개] 믹스견,수컷,0.0,베이지,2019,2019,전북-군산-2021-00419,2021-05-08 ~2021-05-18,옥산면 대위로 117-32 군산막걸리 공장,자신의 꼬리부분을 물어음.,군산유기동물보호센터,전라북도 군산시청
269,보호중,[개] 믹스견,암컷,0.0,화이트,2018,8,전북-군산-2021-00420,2021-05-08 ~2021-05-18,서수면 독자길 11,포리가 짧음 온몸에 진드기 있음,군산유기동물보호센터,전라북도 군산시청
270,완료(귀가),[개] 말티즈,암컷,,흰색,2017,4.2,전남-목포-2021-00290,2021-05-08 ~2021-05-18,포르모부근,"잘파름,흰색과 빨강색옷 착용,부분미용",목포시유기동물보호소,전라남도 목포시청
271,보호중,[개] 푸들,수컷,,검정색,2019,5,전남-목포-2021-00291,2021-05-08 ~2021-05-18,연산주공@부근,"심한경계, 피부질환,입질시도",목포시유기동물보호소,전라남도 목포시청
272,공고중,[개] 시츄,암컷,0.0,흰갈색,2021,4,전북-익산-2021-00533,2021-05-09 ~ 2021-05-20,익산시동산동주공1차아파트,생후8개월정도 순하고영리함,익산유기동물보호소,전라북도 익산시청
273,공고중,[개] 믹스견,암컷,0.0,흰색,2018,15,전남-나주-2021-00238,2021-05-09 ~2021-05-20,나주119,진도개와 스피츠를 닮음.,빚고을애견,전라남도 나주시청
274,공고중,[개] 믹스견,수컷,,황색,2018,18,전남-나주-2021-00239,2021-05-09 ~2021-05-20,나주119,귀가 뽀족한게 특징.,빚고을애견,전라남도 나주시청
275,공고중,[개] 믹스견,암컷,0.0,흰색,2021,3,전남-나주-2021-00240,2021-05-09 ~2021-05-20,나주공산지구대,생후 2개월정도 되어보임.,빛고을애견,전라남도 나주시청
276,공고중,[개] 믹스견,암컷,0.0,흰색,2021,3,전남-나주-2027-00241,2021-05-09 ~2021-05-20,나주공산지구대,생후 2개월정도 되어보임.,빛고을애견,전라남도 나주시청
277,공고중,[개] 푸들,암컷,,흰,2018,6.0,서울-중랑-2021-00055,2021-05-10 ~2021-05-31,상봉중앙로5가길 58 인근,신고인이미용시킴.꼬리단미안됨.사람좋아함.활발함.,한국동물구조관리협회,서울특별시 중랑구청
278,공고중,[개] 믹스견,수컷,0.0,흰,2021,2021,서울-중랑-2021-00056,2021-05-10 ~2021-05-31,망우로 391 망우지구대 인근,양귀반접힘. 양눈눈곱약간. 코검정+갈색. 앞니갈이중. 사람좋,한국동물구조관리협회,서울특별시 중랑구청
279,공고중,[개] 믹스견,암컷,,연갈,2021,2021,서울-중랑-2021-00057,2021-05-10 ~2021-05-31,망우로 391 망우지구대 인근,양귀반접힘. 양눈눈곱약간. 코검정+갈색. 겁약간. 사람좋아함.,한국동물구조관리협회,서울특별시 중랑구청
280,완료(귀가),[개] 요크셔 테리어,수컷,0.0,갈색,2017,4.5,부산-영도-2021-00058,2021-05-10 ~2021-05-20,영도구청 당직실,발랄함,하얀비둘기,부산광역시 영도구청
281,완료(귀가),[개] 혼합,수컷,0.0,검정+갈색,2017,7,부산-동래-2021-00083,2021-05-10 ~2021-05-20,동래구 조양아파트,"빨간색목줄, 검정+갈색",누리동물병원,부산광역시 동래구청
282,공고중,[개] 말티즈,수컷,1.0,백색,2011,4,대전-서구-2021-00162,"2021-05-10 ~2021-05-20""",서구 도안동 15블럭 대로변 인근,,대전동물보호센터,대전광역시 서구청
283,보호중,[개] 믹스견,수컷,0.0,황색+흰색,2018,6,강원-정선-2021-00126,2021-05-10 ~2021-05-17,임계면 혈천윗길 62,건강상태양호,다나동물병원,강원도 정선군청
284,공고중,[개] 믹스견,암컷,0.0,흰색,2018,10,충남-천안-2021-00384,2021-05-10 ~2021-05-20,차암동 304-11,포획틀 요청자 입양희망,유실유기동물보호소,충청남도 천안시청
285,공고중,[개] 푸들,,,,,,전북-고창-2021-00142,2021-005-10 ~2021-05-20,고창읍 남구1길 14 (모양지구대),착하고 순함. 목줄 착용중,고창동물병원,전라북도 고창군정
286,공고중,[개] 믹스견,암컷,0.0,흰색,2018,4,전남-영암-2021-00238,2021-05-10 ~2021-05-20,대상중공업 주변 도로,"교통사고를 당한 상태이며,사람과 친화적이다.",유기동물 삼호 보호소,전라남도 영암군청
287,보호중,[개] 믹스견,암컷,0.0,흰갈색,2019,6,경남-고성-2021-00223,2021-05-10 ~2021-05-17,삼산면 삼봉리 848,1-224번,고성군유기동물보호소,경상남도 고성군청
288,보호중,[개] 믹스견,암컷,0.0,흰색,2021,2.1,경남-고성-2021-00224,2021-05-10 ~2021-05-17,삼산면 삼봉리 848,1-225번,고성군유기동물보호소,경상남도 고성군청
289,보호중,[개] 믹스견,수컷,0.0,흰색,2021,2.9,경남-고성-2021-00225,2021-05-10 ~2021-05-17,삼산면 삼봉리 848,1-226번,고성군유기동물보호소,경상남도 고성군청
290,보호중,[개] 믹스견,수컷,0.0,흰갈색,2020,6.5,경남-고성-2021-00226,2021-05-10 ~2021-05-17,마암면 삼락3길 136,1-227번,고성군유기동물보호소,경상남도 고성군청
291,보호중,[개] 믹스견,암컷,0.0,흰색,2017,3.25,경남-고성-2021-00227,2021-05-10 ~2021-05-17,고성군청 주차장,1-228번/ 2021. 5. 6.반환,고성군유기동물보호소,경상남도 고성군청
292,공고중,[개] 믹스견,수컷,0.0,흰색견,2021,1.8,경남-산청-2021-00104,2021-05-10 ~2021-05-20,홍계리 북촌마을 주변,어린개체,산청동물보호센터,경상남도 산정군청
293,공고중,[개] 믹스견,수컷,0.0,흰색,2021,1.7,경남-산청-2021-00105,2021-05-10 ~2021-05-20,삼장면 북촌마을 내,어린개체,산청동물보호센터,경상남도 산청군청
294,완료(귀가),[개] 믹스견,수컷,0.0,흰색,2017,2.5,경남-창원1-2021-00221,2021-05-10 ~2021-05-20,의창구 동읍로 2954,"<5-1-5 흰색, 말티즈+푸들믹스 추정.",창원유기동물보호소,경상남도 창원시 의창성산구청
295,공고중,[개] 믹스견,수컷,,흰색,2017,28,경북-김천-2021-00119,2021-05-11 ~2021-05-21,대항면 대성리 559,"체인목줄, 붉은코, 짧고 옆으로말린꼬리",김천시 동물보호센터,경상북도 김천시청
296,공고중,[개] 푸들,암컷,,갈색,2016,4.6,경북-김천-2021-00120,2021-05-11 ~ 2021-05-21,직지파출소 건너편 공사현장,"분홍하네스, 유방염, 마른기침, 엉덩이부위 혹",김천시 동물보호센터,경상북도 김천시청
297,공고중,[개] 믹스견,암컷,,흰색,2018,16,경남-김해-2021-00466,2021-05-12~2021-05-24,김해시 진영읍 우동리 596-ㄱ1,"1-407, 초록색 목줄 착용",누리동물병원,경상남도 김해시청
